{
  "Face": {
    "accuracy": 0.977022977022977,
    "precision": 0.9947643979057592,
    "recall": 0.9476309226932669,
    "f1": 0.9706257982120051,
    "FAR": 0.0033333333333333335,
    "FRR": 0.05236907730673317
  },
  "Fingerprint": {
    "accuracy": 0.9847163535017531,
    "precision": 0.9995284353484862,
    "recall": 0.984669701756016,
    "f1": 0.9920434334924647,
    "FAR": 0.013888888888888888,
    "FRR": 0.01533029824398402
  },
  "Palm": {
    "accuracy": 0.9736842105263158,
    "precision": 0.9903846153846154,
    "recall": 0.9537037037037037,
    "f1": 0.9716981132075472,
    "FAR": 0.008333333333333333,
    "FRR": 0.046296296296296294
  },
  "Fusion(weighted)": {
    "accuracy": 0.9583333333333334,
    "precision": 0.9230769230769231,
    "recall": 1.0,
    "f1": 0.96,
    "FAR": 0.08333333333333333,
    "FRR": 0.0
  }
}