{
  "threshold": 0.4,
  "metrics": {
    "accuracy": 0.977022977022977,
    "precision": 0.9947643979057592,
    "recall": 0.9476309226932669,
    "f1": 0.9706257982120051,
    "FAR": 0.0033333333333333335,
    "FRR": 0.05236907730673317
  },
  "n_pairs": 1001
}