{
  "threshold": 0.2,
  "metrics": {
    "accuracy": 0.9847163535017531,
    "precision": 0.9995284353484862,
    "recall": 0.984669701756016,
    "f1": 0.9920434334924647,
    "FAR": 0.013888888888888888,
    "FRR": 0.01533029824398402
  },
  "n_pairs_total": 37076,
  "n_pairs_train": 25953,
  "n_pairs_test": 11123,
  "dataset_root": "data/fingerprint_single/train"
}