{
  "threshold": 0.35000000000000003,
  "metrics": {
    "accuracy": 0.9736842105263158,
    "precision": 0.9903846153846154,
    "recall": 0.9537037037037037,
    "f1": 0.9716981132075472,
    "FAR": 0.008333333333333333,
    "FRR": 0.046296296296296294
  },
  "n_pairs_total": 760,
  "n_pairs_train": 532,
  "n_pairs_test": 228
}